{
  "id": "ff13e36d7e3067411e89e2f9540df4c5",
  "lastUpdated": "2018-11-27T19:10:46.327Z",
  "bungieManifestVersion": "69544.18.11.14.1546-3",
  "en": {
    "raw": {
      "DestinyEnemyRaceDefinition": "https://destiny.plumbing/en/raw/DestinyEnemyRaceDefinition.json",
      "DestinyPlaceDefinition": "https://destiny.plumbing/en/raw/DestinyPlaceDefinition.json",
      "DestinyActivityTypeDefinition": "https://destiny.plumbing/en/raw/DestinyActivityTypeDefinition.json",
      "DestinyInventoryBucketDefinition": "https://destiny.plumbing/en/raw/DestinyInventoryBucketDefinition.json",
      "DestinyRaceDefinition": "https://destiny.plumbing/en/raw/DestinyRaceDefinition.json",
      "DestinyTalentGridDefinition": "https://destiny.plumbing/en/raw/DestinyTalentGridDefinition.json",
      "DestinyActivityDefinition": "https://destiny.plumbing/en/raw/DestinyActivityDefinition.json",
      "DestinyGenderDefinition": "https://destiny.plumbing/en/raw/DestinyGenderDefinition.json",
      "DestinySandboxPerkDefinition": "https://destiny.plumbing/en/raw/DestinySandboxPerkDefinition.json",
      "DestinyStatGroupDefinition": "https://destiny.plumbing/en/raw/DestinyStatGroupDefinition.json",
      "DestinyUnlockDefinition": "https://destiny.plumbing/en/raw/DestinyUnlockDefinition.json",
      "DestinyClassDefinition": "https://destiny.plumbing/en/raw/DestinyClassDefinition.json",
      "DestinyRewardSourceDefinition": "https://destiny.plumbing/en/raw/DestinyRewardSourceDefinition.json",
      "DestinyItemCategoryDefinition": "https://destiny.plumbing/en/raw/DestinyItemCategoryDefinition.json",
      "DestinyDamageTypeDefinition": "https://destiny.plumbing/en/raw/DestinyDamageTypeDefinition.json",
      "DestinyActivityModeDefinition": "https://destiny.plumbing/en/raw/DestinyActivityModeDefinition.json",
      "DestinyMedalTierDefinition": "https://destiny.plumbing/en/raw/DestinyMedalTierDefinition.json",
      "DestinyAchievementDefinition": "https://destiny.plumbing/en/raw/DestinyAchievementDefinition.json",
      "DestinyActivityGraphDefinition": "https://destiny.plumbing/en/raw/DestinyActivityGraphDefinition.json",
      "DestinyFactionDefinition": "https://destiny.plumbing/en/raw/DestinyFactionDefinition.json",
      "DestinyVendorGroupDefinition": "https://destiny.plumbing/en/raw/DestinyVendorGroupDefinition.json",
      "DestinyItemTierTypeDefinition": "https://destiny.plumbing/en/raw/DestinyItemTierTypeDefinition.json",
      "DestinyPresentationNodeDefinition": "https://destiny.plumbing/en/raw/DestinyPresentationNodeDefinition.json",
      "DestinyCollectibleDefinition": "https://destiny.plumbing/en/raw/DestinyCollectibleDefinition.json",
      "DestinyStatDefinition": "https://destiny.plumbing/en/raw/DestinyStatDefinition.json",
      "DestinyDestinationDefinition": "https://destiny.plumbing/en/raw/DestinyDestinationDefinition.json",
      "DestinyEquipmentSlotDefinition": "https://destiny.plumbing/en/raw/DestinyEquipmentSlotDefinition.json",
      "DestinyRecordDefinition": "https://destiny.plumbing/en/raw/DestinyRecordDefinition.json",
      "DestinyBondDefinition": "https://destiny.plumbing/en/raw/DestinyBondDefinition.json",
      "DestinyLoreDefinition": "https://destiny.plumbing/en/raw/DestinyLoreDefinition.json",
      "DestinyInventoryItemDefinition": "https://destiny.plumbing/en/raw/DestinyInventoryItemDefinition.json",
      "DestinyMaterialRequirementSetDefinition": "https://destiny.plumbing/en/raw/DestinyMaterialRequirementSetDefinition.json",
      "DestinyProgressionLevelRequirementDefinition": "https://destiny.plumbing/en/raw/DestinyProgressionLevelRequirementDefinition.json",
      "DestinySackRewardItemListDefinition": "https://destiny.plumbing/en/raw/DestinySackRewardItemListDefinition.json",
      "DestinySandboxPatternDefinition": "https://destiny.plumbing/en/raw/DestinySandboxPatternDefinition.json",
      "DestinySocketCategoryDefinition": "https://destiny.plumbing/en/raw/DestinySocketCategoryDefinition.json",
      "DestinyObjectiveDefinition": "https://destiny.plumbing/en/raw/DestinyObjectiveDefinition.json",
      "DestinyLocationDefinition": "https://destiny.plumbing/en/raw/DestinyLocationDefinition.json",
      "DestinyProgressionDefinition": "https://destiny.plumbing/en/raw/DestinyProgressionDefinition.json",
      "DestinyActivityModifierDefinition": "https://destiny.plumbing/en/raw/DestinyActivityModifierDefinition.json",
      "DestinyReportReasonCategoryDefinition": "https://destiny.plumbing/en/raw/DestinyReportReasonCategoryDefinition.json",
      "DestinyPlugSetDefinition": "https://destiny.plumbing/en/raw/DestinyPlugSetDefinition.json",
      "DestinyChecklistDefinition": "https://destiny.plumbing/en/raw/DestinyChecklistDefinition.json",
      "DestinyHistoricalStatsDefinition": "https://destiny.plumbing/en/raw/DestinyHistoricalStatsDefinition.json",
      "DestinySocketTypeDefinition": "https://destiny.plumbing/en/raw/DestinySocketTypeDefinition.json",
      "DestinyMilestoneDefinition": "https://destiny.plumbing/en/raw/DestinyMilestoneDefinition.json",
      "DestinyVendorDefinition": "https://destiny.plumbing/en/raw/DestinyVendorDefinition.json"
    },
    "reducedCollectableInventoryItems": "https://destiny.plumbing/en/reducedCollectableInventoryItems.json",
    "reducedActivities": "https://destiny.plumbing/en/reducedActivities.json"
  },
  "history": "https://destiny.plumbing/history.json"
}