<graph version="v4.3" name="" author="" interval="0.30000000000000016" timeMode="asynchronous" distributionMode="instantaneous" speed="100" actions="1" dice="D5" skill="" strategy="" multiplayer="" width="1100" height="1060" numberOfRuns="100" visibleRuns="25" colorCoding="0">
  <connection type="Resource Connection" start="14" end="15" label="15" position="0.5" color="Purple" thickness="5"/>
  <connection type="Resource Connection" start="20" end="10" label="15" position="0.5" color="Purple" thickness="5"/>
  <connection type="Resource Connection" start="7" end="4" label="15" position="0.5" color="Purple" thickness="5"/>
  <connection type="Resource Connection" start="8" end="12" label="15" position="0.5" color="Purple" thickness="5"/>
  <node symbol="Pool" x="165" y="307" color="Green" caption="Rogue" thickness="5" captionPos="0.75" activationMode="passive" pullMode="push any" actions="1" resourceColor="Black" startingResources="1000" capacity="-1" displayCapacity="0"/>
  <node symbol="Drain" x="209" y="316" color="Green" caption="" thickness="1" captionPos="0.25" activationMode="automatic" pullMode="pull any" actions="1"/>
  <node symbol="Drain" x="83" y="267" color="Red" caption="" thickness="1" captionPos="0.25" activationMode="automatic" pullMode="pull any" actions="1"/>
  <node symbol="Source" x="204" y="503" color="Purple" caption="" thickness="5" captionPos="0.25" activationMode="passive" pullMode="pull any" actions="1" resourceColor="Black"/>
  <node symbol="Source" x="300" y="457" color="Purple" caption="" thickness="5" captionPos="0.25" activationMode="passive" pullMode="pull any" actions="1" resourceColor="Black"/>
  <node symbol="Drain" x="509" y="318" color="Orange" caption="" thickness="1" captionPos="0.25" activationMode="automatic" pullMode="pull any" actions="1"/>
  <node symbol="Pool" x="464" y="318" color="Orange" caption="Druid" thickness="5" captionPos="0.75" activationMode="passive" pullMode="push any" actions="1" resourceColor="Black" startingResources="1000" capacity="-1" displayCapacity="0"/>
  <node symbol="Drain" x="368" y="323" color="Blue" caption="" thickness="1" captionPos="0.25" activationMode="automatic" pullMode="pull any" actions="1"/>
  <node symbol="Pool" x="320" y="320" color="Blue" caption="Mage" thickness="5" captionPos="0.75" activationMode="passive" pullMode="push any" actions="1" resourceColor="Black" startingResources="1000" capacity="-1" displayCapacity="0"/>
  <node symbol="Source" x="958" y="47" color="Purple" caption="Mana Regen" thickness="5" captionPos="0.75" activationMode="automatic" pullMode="pull any" actions="1" resourceColor="Black"/>
  <node symbol="Source" x="560" y="441" color="Purple" caption="" thickness="5" captionPos="0.25" activationMode="passive" pullMode="pull any" actions="1" resourceColor="Black"/>
  <node symbol="Pool" x="611" y="220" color="Purple" caption="Priest" thickness="5" captionPos="0.75" activationMode="passive" pullMode="push any" actions="1" resourceColor="Black" startingResources="1000" capacity="-1" displayCapacity="0"/>
  <connection type="Resource Connection" start="23" end="6" label="5" position="0.84" color="Red" thickness="3"/>
  <connection type="Resource Connection" start="23" end="5" label="D6+14" position="0.81" color="Green" thickness="3"/>
  <connection type="Resource Connection" start="23" end="11" label="D30" position="0.8200000000000001" color="Blue" thickness="3"/>
  <connection type="Resource Connection" start="23" end="9" label="D11+4" position="0.79" color="Orange" thickness="3"/>
  <node symbol="Source" x="425" y="438" color="Purple" caption="" thickness="5" captionPos="0.25" activationMode="passive" pullMode="pull any" actions="1" resourceColor="Black"/>
  <node symbol="Pool" x="40" y="240" color="Red" caption="Warrior" thickness="5" captionPos="0.75" activationMode="passive" pullMode="push any" actions="1" resourceColor="Black" startingResources="3000" capacity="-1" displayCapacity="0"/>
  <connection type="Resource Connection" start="15" end="54" label="D16+4" position="0.8300000000000001" color="Purple" thickness="1"/>
  <node symbol="Pool" x="480" y="40" color="Black" caption="Boss" thickness="5" captionPos="0.5" activationMode="passive" pullMode="push any" actions="1" resourceColor="Black" startingResources="4500" capacity="-1" displayCapacity="0"/>
  <connection type="State Connection" start="21" end="30" label="==0" position="0.5" color="Black" thickness="1">
    <point x="28" y="593"/>
    <point x="833" y="590"/>
  </connection>
  <connection type="State Connection" start="4" end="28" label="==0" position="0.5" color="Black" thickness="1">
    <point x="135" y="588"/>
    <point x="825" y="590"/>
  </connection>
  <connection type="State Connection" start="12" end="29" label="==0" position="0.5" color="Black" thickness="1">
    <point x="304" y="590"/>
    <point x="826" y="594"/>
  </connection>
  <connection type="State Connection" start="23" end="48" label="==0" position="-0.16" color="Black" thickness="1">
    <point x="663" y="187"/>
  </connection>
  <node symbol="EndCondition" x="1001" y="361" color="Black" caption="" thickness="5" captionPos="0.25" activationMode="passive" pullMode="pull any" actions="1"/>
  <node symbol="EndCondition" x="1009" y="392" color="Black" caption="" thickness="5" captionPos="0.25" activationMode="passive" pullMode="pull any" actions="1"/>
  <node symbol="EndCondition" x="1000" y="321" color="Black" caption="" thickness="5" captionPos="0.25" activationMode="passive" pullMode="pull any" actions="1"/>
  <node symbol="EndCondition" x="1020" y="427" color="Black" caption="" thickness="5" captionPos="0.25" activationMode="passive" pullMode="pull any" actions="1"/>
  <connection type="Resource Connection" start="13" end="44" label="2" position="0.5" color="Purple" thickness="5"/>
  <node symbol="Converter" x="697" y="351" color="Purple" caption="" thickness="5" captionPos="0.25" activationMode="passive" pullMode="pull any" actions="1" resourceColor="Black"/>
  <connection type="State Connection" start="10" end="31" label="==0" position="0.5" color="Black" thickness="1">
    <point x="450" y="587"/>
    <point x="818" y="587"/>
  </connection>
  <connection type="State Connection" start="37" end="8" label="1" position="0.5" color="Purple" thickness="5"/>
  <connection type="State Connection" start="37" end="20" label="1" position="0.5" color="Purple" thickness="5"/>
  <node symbol="Gate" x="560" y="559" color="Purple" caption="Small Heal" thickness="5" captionPos="0" activationMode="passive" pullMode="pull any" actions="1" gateType="deterministic"/>
  <connection type="State Connection" start="33" end="37" label="*" position="0.5" color="Purple" thickness="5"/>
  <node symbol="Converter" x="105" y="558" color="Purple" caption="" thickness="5" captionPos="0.25" activationMode="passive" pullMode="pull any" actions="1" resourceColor="Black"/>
  <connection type="Resource Connection" start="39" end="21" label="20" position="0.5" color="Purple" thickness="5"/>
  <connection type="State Connection" start="15" end="49" label="==0" position="0.06" color="Black" thickness="1"/>
  <connection type="Resource Connection" start="44" end="39" label="8" position="-0.04" color="Purple" thickness="2">
    <point x="722" y="577"/>
  </connection>
  <connection type="Resource Connection" start="44" end="33" label="5" position="0.32" color="Purple" thickness="5">
    <point x="724" y="49"/>
  </connection>
  <node symbol="Pool" x="774" y="54" color="Purple" caption="Mana" thickness="5" captionPos="0.75" activationMode="automatic" pullMode="push all" actions="1" resourceColor="Black" startingResources="1000" capacity="-1" displayCapacity="0"/>
  <connection type="State Connection" start="37" end="7" label="1" position="0.5" color="Purple" thickness="5"/>
  <connection type="State Connection" start="37" end="14" label="2" position="0.5" color="Purple" thickness="5"/>
  <connection type="State Connection" start="54" end="53" label="+0.01" position="0.5" color="Black" thickness="5"/>
  <node symbol="EndCondition" x="994" y="262" color="Black" caption="Victory!" thickness="5" captionPos="0.75" activationMode="passive" pullMode="pull any" actions="1"/>
  <node symbol="EndCondition" x="994" y="292" color="Black" caption="Game Over" thickness="5" captionPos="0.5" activationMode="passive" pullMode="pull any" actions="1"/>
  <connection type="Resource Connection" start="10" end="54" label="D16+4" position="0.85" color="Orange" thickness="1"/>
  <connection type="Resource Connection" start="12" end="54" label="D16+4" position="-0.67" color="Blue" thickness="1"/>
  <connection type="Resource Connection" start="4" end="54" label="D16+4" position="-0.74" color="Green" thickness="1"/>
  <connection type="Resource Connection" start="21" end="54" label="D11+44" position="-0.71" color="Red" thickness="1"/>
  <node symbol="Pool" x="242" y="30" color="Black" caption="" thickness="5" captionPos="0.25" activationMode="automatic" pullMode="pull any" actions="1" resourceColor="Black" startingResources="0" capacity="-1"/>
  <node symbol="TextLabel" x="101" y="23" color="Black" caption="Done By Tara Vulakovich"/>
</graph>